{
    "IS_EJECTION_AVAILABLE": true,
    "MAX_TNT": 3640,
    "MAX_TNT_UNIT": 260,
    "XZ_INIT_POSITION": {
        "X": -31.9375,
        "Z": -8.0625
    },
    "MOTION_FOR_FLAT_FIRE": {
        "XZ_MOTION": 0.6025678975452011,
        "Y_MOTION": -0.0011162018688096187,
        "Y_INIT_MOTION": 0.2716278719434352,
        "Y_INIT_POSITION": 178.34722638929412
    },
    "MOTION_FOR_EJECTIONS": {
        "XZ_MOTION": 0.6026063622295216,
        "Y_MOTION": 0.000639233791587035,
        "Y_INIT_MOTION": 0.6909788463066233,
        "Y_INIT_POSITION": 178.41212248815643
    }
}